-- MySQL dump 10.13  Distrib 8.0.18, for Win64 (x86_64)
--
-- Host: 127.0.0.1    Database: vida
-- ------------------------------------------------------
-- Server version	8.4.3

/*!40101 SET @OLD_CHARACTER_SET_CLIENT=@@CHARACTER_SET_CLIENT */;
/*!40101 SET @OLD_CHARACTER_SET_RESULTS=@@CHARACTER_SET_RESULTS */;
/*!40101 SET @OLD_COLLATION_CONNECTION=@@COLLATION_CONNECTION */;
/*!50503 SET NAMES utf8mb4 */;
/*!40103 SET @OLD_TIME_ZONE=@@TIME_ZONE */;
/*!40103 SET TIME_ZONE='+00:00' */;
/*!40014 SET @OLD_UNIQUE_CHECKS=@@UNIQUE_CHECKS, UNIQUE_CHECKS=0 */;
/*!40014 SET @OLD_FOREIGN_KEY_CHECKS=@@FOREIGN_KEY_CHECKS, FOREIGN_KEY_CHECKS=0 */;
/*!40101 SET @OLD_SQL_MODE=@@SQL_MODE, SQL_MODE='NO_AUTO_VALUE_ON_ZERO' */;
/*!40111 SET @OLD_SQL_NOTES=@@SQL_NOTES, SQL_NOTES=0 */;

--
-- Table structure for table `pengguna`
--

DROP TABLE IF EXISTS `pengguna`;
/*!40101 SET @saved_cs_client     = @@character_set_client */;
/*!50503 SET character_set_client = utf8mb4 */;
CREATE TABLE `pengguna` (
  `id` int NOT NULL AUTO_INCREMENT,
  `nama` varchar(255) NOT NULL,
  `email` varchar(255) NOT NULL,
  `password` varchar(255) NOT NULL,
  `role` varchar(50) DEFAULT NULL,
  PRIMARY KEY (`id`),
  UNIQUE KEY `email` (`email`)
) ENGINE=InnoDB AUTO_INCREMENT=11 DEFAULT CHARSET=utf8mb4 COLLATE=utf8mb4_0900_ai_ci;
/*!40101 SET character_set_client = @saved_cs_client */;

--
-- Dumping data for table `pengguna`
--

LOCK TABLES `pengguna` WRITE;
/*!40000 ALTER TABLE `pengguna` DISABLE KEYS */;
INSERT INTO `pengguna` VALUES (1,'John Doe','john.doe@example.com','12345','EMKL'),(2,'Jane Smith','jane.smith@example.com','password456','CS'),(3,'Bea Cukai User','beacukai_user@example.com','password_anda','Bea Cukai'),(4,'Gate User 1','gateuser1@example.com','password3','Gate Superintendent'),(5,'Exception Area User','exception@example.com','12345','Exception Area'),(6,'Lucas','lukas@email.com','12345','Gate Superintendent'),(7,'ruwah budi','ruwah@gmail.com','123456','Bea Cukai'),(9,'davidajah','davidajah@gmail.com','123456','Gate Superintendent'),(10,'ratu sawitri','ratu@gmail.com','123456','Bea Cukai');
/*!40000 ALTER TABLE `pengguna` ENABLE KEYS */;
UNLOCK TABLES;

--
-- Table structure for table `permohonan`
--

DROP TABLE IF EXISTS `permohonan`;
/*!40101 SET @saved_cs_client     = @@character_set_client */;
/*!50503 SET character_set_client = utf8mb4 */;
CREATE TABLE `permohonan` (
  `id` int NOT NULL AUTO_INCREMENT,
  `id_pengguna` int DEFAULT NULL,
  `nomor_kontainer` varchar(100) NOT NULL,
  `status` enum('Menunggu','Disetujui','Ditolak') NOT NULL DEFAULT 'Menunggu',
  `catatan` text,
  `nama_perusahaan` varchar(255) DEFAULT NULL,
  `nopol_truck` varchar(255) DEFAULT NULL,
  `file_surat` varchar(200) DEFAULT NULL,
  `kode_ea` varchar(50) DEFAULT NULL,
  `tanggal_pengajuan` varchar(20) DEFAULT NULL,
  `jenis_permohonan` varchar(50) DEFAULT NULL,
  `keterangan_tambahan` text,
  `created_at` datetime DEFAULT CURRENT_TIMESTAMP,
  `no_job_order` varchar(50) NOT NULL DEFAULT '',
  `no_booking` varchar(50) NOT NULL DEFAULT '',
  `kendala` text NOT NULL,
  `remark` text,
  `foto_dokumentasi` text,
  PRIMARY KEY (`id`),
  KEY `id_pengguna` (`id_pengguna`),
  CONSTRAINT `permohonan_ibfk_1` FOREIGN KEY (`id_pengguna`) REFERENCES `pengguna` (`id`)
) ENGINE=InnoDB AUTO_INCREMENT=55 DEFAULT CHARSET=utf8mb4 COLLATE=utf8mb4_0900_ai_ci;
/*!40101 SET character_set_client = @saved_cs_client */;

--
-- Dumping data for table `permohonan`
--

LOCK TABLES `permohonan` WRITE;
/*!40000 ALTER TABLE `permohonan` DISABLE KEYS */;
INSERT INTO `permohonan` VALUES (1,1,'KON123456','Disetujui',NULL,NULL,NULL,NULL,NULL,NULL,NULL,NULL,'2026-05-10 20:49:31','','','',NULL,NULL),(2,2,'KON789101','Disetujui','hayo hayo',NULL,NULL,NULL,NULL,NULL,NULL,NULL,'2026-05-10 20:49:31','','','',NULL,NULL),(3,NULL,'mk2345','Menunggu',NULL,NULL,NULL,NULL,NULL,NULL,NULL,NULL,'2026-05-10 20:49:31','','','',NULL,NULL),(4,NULL,'kml23','Menunggu',NULL,NULL,NULL,NULL,NULL,NULL,NULL,NULL,'2026-05-10 20:49:31','','','',NULL,NULL),(5,NULL,'kml23','Menunggu',NULL,NULL,NULL,NULL,NULL,NULL,NULL,NULL,'2026-05-10 20:49:31','','','',NULL,NULL),(6,NULL,'my78','Menunggu',NULL,NULL,NULL,NULL,NULL,NULL,NULL,NULL,'2026-05-10 20:49:31','','','',NULL,NULL),(7,NULL,'mk2345','Menunggu',NULL,'PT. Seminar muda','w398','surat_permohonan_ea-2025-334_20260510205024.docx','ea-2025-334','2026-05-10','pengeluaran','','2026-05-10 13:50:24','','','',NULL,NULL),(8,NULL,'mk2345','Menunggu',NULL,'PT. Seminar muda','w398','surat_permohonan_ea-2025-334_20260510205210.docx','ea-2025-334','2026-05-10','pengeluaran','','2026-05-10 13:52:11','','','',NULL,NULL),(9,NULL,'mk2345','Menunggu',NULL,'PT. Seminar muda','w398','surat_permohonan_ea-2025-334_20260510205251.docx','ea-2025-334','2026-05-10','pemasukan','','2026-05-10 13:52:52','','','',NULL,NULL),(10,NULL,'mk2345','Menunggu',NULL,'PT. Seminar muda','w398','surat_permohonan_ea-2025-334_20260510213103.docx','ea-2025-334','2026-05-10','relokasi','','2026-05-10 14:31:04','','','',NULL,NULL),(11,1,'my78','Disetujui','lengkap','PT. Seminar muda','y9087','surat_permohonan_ea-2025-334_20260510214041.docx','ea-2025-334','2026-05-10','relokasi','','2026-05-10 14:40:41','','','',NULL,NULL),(12,1,'abc768','Disetujui','lengkap\r\n','PT. Seminar muda','i987','surat_persetujuan_ew-223-098_20260510220516.docx','ew-223-098','2026-05-08','relokasi','','2026-05-10 15:04:32','','','',NULL,NULL),(13,1,'njk098','Disetujui','lengkap bray','PT. Seminar muda','y876','surat_persetujuan_tr-678-908_20260510222150.pdf','tr-678-908','2026-05-06','pengeluaran','','2026-05-10 15:20:34','','','',NULL,NULL),(14,1,'kl098','Menunggu',NULL,'PT. Seminar muda','o875','surat_permohonan_kj-09-08_20260510231310.docx','kj-09-08','2026-03-10','pengeluaran','','2026-05-10 16:13:11','','','',NULL,NULL),(15,1,'c604','Menunggu',NULL,'CV. sinar dunia','k457','surat_permohonan_yt-098-789_20260511143457.docx','yt-098-789','2026-05-11','relokasi','','2026-05-11 07:34:58','','','',NULL,NULL),(16,1,'nkp90','Disetujui','lulus v','CV. sinar dunia','n096','surat_persetujuan_yt-987-347_20260511172910.pdf','yt-987-347','2026-05-11','relokasi','','2026-05-11 10:24:44','','','',NULL,NULL),(17,4,'abc5689','Menunggu',NULL,'pt cahaya abadi','w3888','surat_permohonan_abc5689_20260516230358.docx',NULL,'2026-05-16','lainnya','','2026-05-16 16:03:59','jo-908-2026','bk-560-402','salah terminal','salah terminal',NULL),(18,4,'abcy0128','Disetujui','','pt cahaya abadi','w3888','surat_persetujuan_abcy0128_20260516232747.pdf',NULL,'2026-05-16','lainnya','','2026-05-16 16:26:12','jo-095-291','bk-2027-09','salah terminal','salah terminal',NULL),(19,4,'abg098','Menunggu',NULL,'pt sinarmas dunia','o0912','surat_permohonan_abg098_20260516232955.docx',NULL,'2026-05-16','lainnya','','2026-05-16 16:29:55','jo-964-017','bk76-2019','mnshaha','dcjgdsj','abg098-20260516232955-1.png'),(20,4,'abk091','Disetujui','approved','cv maju bersama','w9103','surat_persetujuan_abk091_20260517060843.pdf',NULL,'2026-05-16','lainnya','','2026-05-16 16:49:07','jo-098-187','bk-495-209','salah terminal bos','salah terminal bos','abk091-20260516234906-1.png'),(21,4,'abck017','Disetujui','approved','pt wijaya karya','s0173','surat_persetujuan_abck017_20260517062357.pdf',NULL,'2026-05-17','lainnya','','2026-05-16 23:23:00','JO-761-027','BK-2026-109','salah booking terminal','salah booking terminal bos','abck017-20260517062259-1.png'),(22,NULL,'abak0163','Menunggu',NULL,'cv maju bersama','k0186','surat_permohonan_abak0163_20260517072111.docx',NULL,'2026-05-17','lainnya','','2026-05-17 00:21:12','JO-1923-9192','BK-973b-197','damage kontainer','kontainer damage parah','abak0163-20260517072111-1.png'),(23,4,'abcd234','Disetujui','approved','pt kusuma','y9087','surat_persetujuan_abcd234_20260517072503.pdf',NULL,'2026-05-17','lainnya','','2026-05-17 00:24:23','j0-2026-09','BK-2026-109','kurang','guwila','abcd234-20260517072422-1.png'),(24,6,'abcd234','Disetujui','Disetujui oleh Bea Cukai User pada 2026-05-26 10:52:15','pt wijaya karya','w3888','surat_permohonan_abcd234_20260526051055.docx',NULL,'2026-05-26','lainnya','','2026-05-25 22:10:55','j0-2026-09','BK-2026-109','pengeluaran kontainer','yugttkjkgcfycgtf','abcd234-20260526051055-1.jpg'),(25,6,'abc768','Disetujui','Disetujui oleh Bea Cukai User pada 2026-05-26 12:54:08','pt wijaya karya','o875','surat_permohonan_abc768_20260526123342.pdf',NULL,'2026-05-26','lainnya','','2026-05-26 05:33:45','JO-1923-9192','BK-2026-109','damage','damage','abc768-20260526123342-1.png'),(26,6,'mk2345','Disetujui','Disetujui oleh Bea Cukai User pada 2026-05-26 16:06:27','PT. Seminar muda','i987','surat_permohonan_mk2345_20260526131815.pdf',NULL,'2026-05-26','lainnya','','2026-05-26 06:18:16','j0-2026-09','BK-2026-109','damage','damage parah','mk2345-20260526131815-1.png'),(27,6,'bk02837','Disetujui','Disetujui oleh Bea Cukai User pada 2026-05-26 16:22:10','pt indah merdeka','w9826','surat_permohonan_bk02837_20260526161209.pdf',NULL,'2026-05-26','lainnya','','2026-05-26 09:12:10','jo-9273-8273','nk-9273-2836','relokasi kontainer karena damage','damage parah buwoss','bk02837-20260526161209-1.png'),(28,6,'nk028','Disetujui','Disetujui oleh Bea Cukai User pada 2026-05-26 16:24:54','pt maju bersama stell','w982730','surat_permohonan_nk028_20260526162430.pdf',NULL,'2026-05-26','lainnya','','2026-05-26 09:24:31','jo-018-2836','bk-2026-05','damage kontainer','kontainer damage parah bos','nk028-20260526162430-1.png'),(29,6,'no0283y','Disetujui','Disetujui oleh Bea Cukai User pada 2026-05-28 13:15:18','pt maju bersama saya','uw0272','surat_permohonan_no0283y_20260528131445.pdf',NULL,'2026-05-28','lainnya','','2026-05-28 06:14:46','jo-0193-8347','bk-926-2826','relokasi kontainer karena damage','damage parah','no0283y-20260528131445-1.jpg'),(30,6,'wjk08373','Disetujui','Disetujui oleh Bea Cukai User pada 2026-05-28 13:24:01','pt maju bersama saya','jdjh027','surat_permohonan_wjk08373_20260528132342.pdf',NULL,'2025-09-09','lainnya','','2026-05-28 06:23:42','jo-0283-9283','nk-938-2937','damage','kontainer damage parah bos','wjk08373-20260528132342-1.jpg'),(31,6,'abdg0283','Disetujui','Disetujui oleh Bea Cukai User pada 2026-05-28 19:06:34','pt cahaya abadi','nls0878','surat_permohonan_abdg0283_20260528190606.pdf',NULL,'2025-02-28','lainnya','','2026-05-28 12:06:06','j0-2933-2938','bk-2025-29','damage','da,age','abdg0283-20260528190606-1.jpg'),(32,6,'njj','Disetujui','Disetujui oleh Bea Cukai User pada 2026-05-29 02:43:11','mk','ng977','surat_permohonan_njj_20260529024252.pdf',NULL,'2026-05-29','relokasi','','2026-05-28 19:42:52','koj','jkn','damage','damage','njj-20260529024252-1.jpg'),(33,6,'jssk97','Disetujui','Disetujui oleh Bea Cukai User pada 2026-05-29 02:51:15','lsjb','mcjs92','surat_permohonan_jssk97_20260529025057.pdf',NULL,'2026-05-29','relokasi','','2026-05-28 19:50:58','mdh','mdj96','damage','damage','jssk97-20260529025057-1.jpg'),(34,6,'jd296','Disetujui','Disetujui oleh Bea Cukai User pada 2026-05-29 02:54:57','dhd','dnas2963','surat_permohonan_jd296_20260529025438.pdf',NULL,'2026-05-29','relokasi','','2026-05-28 19:54:39','dkj2928','msk9263','[f\'✓ NIP: _______________\\n✓ AUTO APPROVED\', f\'✓ Nama: {nama_gate if nama_gate else \"_______________\"}\\n✓ AUTO APPROVED\'],','[f\'✓ NIP: _______________\\n✓ AUTO APPROVED\', f\'✓ Nama: {nama_gate if nama_gate else \"_______________\"}\\n✓ AUTO APPROVED\'],','jd296-20260529025438-1.jpg'),(35,6,'smjs822','Disetujui','Disetujui oleh Bea Cukai User pada 2026-05-29 03:01:38','ndjs','nsg9273','surat_permohonan_smjs822_20260529030119.pdf',NULL,'2026-05-29','relokasi','','2026-05-28 20:01:22','skhs0','msjs0273','from reportlab.platypus import Image as RLImage','from reportlab.platypus import Image as RLImage','smjs822-20260529030119-1.jpg'),(36,6,'nshks0182','Disetujui','Disetujui oleh Bea Cukai User pada 2026-05-29 03:13:43','pengajuan','w9272','surat_permohonan_nshks0182_20260529031326.pdf',NULL,'2026-05-29','lainnya','','2026-05-28 20:13:29','djj082','nsks083','f\'NIP: _______________\', f\'✓ Nama: {nama_gate if nama_gate else \"_______________\"}\'],','f\'NIP: _______________\', f\'✓ Nama: {nama_gate if nama_gate else \"_______________\"}\'],','nshks0182-20260529031326-1.jpg'),(37,6,'shsk872','Disetujui','Disetujui oleh Bea Cukai User pada 2026-05-29 03:22:34','pt wahana baru','ng9272','surat_permohonan_shsk872_20260529032155.pdf',NULL,'2026-05-29','lainnya','','2026-05-28 20:21:58','nsbhs','ndh89262','bulan = datetime.now().strftime(\'%m\')\r\ntahun = datetime.now().strftime(\'%Y\')\r\nnomor_urut = Permohonan.query.count() + 1\r\nno_surat = f\"BC/{nomor_urut:03d}/TPK/{bulan}/{tahun}\"','bulan = datetime.now().strftime(\'%m\')\r\ntahun = datetime.now().strftime(\'%Y\')\r\nnomor_urut = Permohonan.query.count() + 1\r\nno_surat = f\"BC/{nomor_urut:03d}/TPK/{bulan}/{tahun}\"','shsk872-20260529032155-1.jpg'),(38,6,'mnsh02','Disetujui','Disetujui oleh Bea Cukai User pada 2026-05-29 03:26:08','jshsb','nswh0927','surat_permohonan_mnsh02_20260529032550.pdf',NULL,'2026-05-29','relokasi','','2026-05-28 20:25:53','sjj028','njs082','password_anda','password_anda','mnsh02-20260529032550-1.jpg'),(39,6,'mnsjs','Menunggu',NULL,'posysk','n9272','surat_permohonan_mnsjs_20260529033654.pdf',NULL,'2026-05-29','relokasi','','2026-05-28 20:36:59','','','msjww','kshsb','mnsjs-20260529033654-1.jpg'),(40,6,'mk93736','Disetujui','Disetujui oleh Bea Cukai User pada 2026-05-29 03:38:36','pt cahaya bersama','n9272','surat_permohonan_mk93736_20260529033816.pdf',NULL,'2026-05-29','lainnya','','2026-05-28 20:38:18','','','salah booking','salah booking','mk93736-20260529033816-1.jpg'),(41,6,'abc9263','Disetujui','Disetujui oleh Bea Cukai User pada 2026-05-31 20:51:58','pt maju bersama kami','N086397','surat_permohonan_abc9263_20260531205132.pdf',NULL,'2026-05-31','lainnya','','2026-05-31 13:51:36','','','salah terminal','salah terminal','abc9263-20260531205132-1.jpg'),(42,6,'mk2345','Menunggu',NULL,'pt maju bersama saya','y9087','surat_permohonan_mk2345_20260531212310.pdf',NULL,'2026-05-31','lainnya','','2026-05-31 14:23:13','','','salah gate','salah gate','mk2345-20260531212310-1.jpg'),(43,6,'nsh0273','Disetujui','Disetujui oleh Bea Cukai User pada 2026-05-31 21:42:59','pt wijaya karya','m02732','surat_permohonan_nsh0273_20260531213914.pdf',NULL,'2026-05-31','lainnya','','2026-05-31 14:39:15','','','salah terminal','salah terminal','nsh0273-20260531213914-1.jpg'),(44,6,'nsjsi927','Disetujui','Disetujui oleh Bea Cukai User pada 2026-05-31 21:46:09','mnshbs','mdj826','surat_permohonan_nsjsi927_20260531214552.pdf',NULL,'2025-02-10','lainnya','','2026-05-31 14:45:53','','','mdhb','ksgassadd','nsjsi927-20260531214552-1.jpg'),(45,6,'nsjwu92','Disetujui','Disetujui oleh Bea Cukai User pada 2026-05-31 21:49:45','mshs','ns7252','surat_permohonan_nsjwu92_20260531214906.pdf',NULL,'2025-09-10','lainnya','','2026-05-31 14:49:08','','','def update_surat_dengan_ttd_bc_pdf(file_surat, nama_bc: str, tanggal_bc: str):\r\n    \"\"\"\r\n    Update surat - OVERLAY stempel BC ke placeholder TTD BC (di halaman yang sama)\r\n    \r\n    Args:\r\n        file_surat: nama file surat yang sudah ada\r\n        nama_bc: nama Bea Cukai yang approve\r\n        tanggal_bc: tanggal approval\r\n    \"\"\"\r\n    from PyPDF2 import PdfReader, PdfWriter\r\n    from reportlab.pdfgen import canvas\r\n    from reportlab.lib.pagesizes import A4\r\n    from reportlab.lib.units import cm\r\n    from io import BytesIO\r\n    import os\r\n    \r\n    try:\r\n        # ── PATH FILE SURAT ──\r\n        file_path = os.path.join(SURAT_FOLDER, file_surat)\r\n        \r\n        if not os.path.exists(file_path):\r\n            raise FileNotFoundError(f\"File surat tidak ditemukan: {file_path}\")\r\n        \r\n        stempel_path = os.path.join(BASE_DIR, \'static\', \'images\', \'stempel_bc.jpg\')\r\n        \r\n        # ── READ EXISTING PDF ──\r\n        pdf_reader = PdfReader(file_path)\r\n        pdf_writer = PdfWriter()\r\n        \r\n        # ── OVERLAY KE HALAMAN TERAKHIR (TTD PAGE) ──\r\n        last_page_idx = len(pdf_reader.pages) - 1\r\n        last_page = pdf_reader.pages[last_page_idx]\r\n        \r\n        # Create overlay canvas dengan stempel BC\r\n        overlay_buffer = BytesIO()\r\n        overlay_canvas = canvas.Canvas(overlay_buffer, pagesize=A4)\r\n        \r\n        # ── DRAW STEMPEL BC ──\r\n        # Posisi: kolom kiri TTD BC (X=75, Y=300 untuk stempel image)\r\n        if os.path.exists(stempel_path):\r\n            try:\r\n                # Draw image stempel (4cm x 4cm)\r\n                overlay_canvas.drawImage(stempel_path, 75, 290, width=3*cm, height=3*cm)\r\n            except Exception as e:\r\n                app.logger.warning(f\"Stempel image error: {str(e)}\")\r\n        \r\n        # ── DRAW TEXT NAMA BC + TANGGAL ──\r\n        overlay_canvas.setFont(\"Helvetica-Bold\", 9)\r\n        overlay_canvas.drawString(75, 275, f\"✓ {nama_bc}\")\r\n        \r\n        overlay_canvas.setFont(\"Helvetica\", 8)\r\n        overlay_canvas.drawString(75, 265, f\"Tanggal: {tanggal_bc}\")\r\n        \r\n        overlay_canvas.save()\r\n        overlay_buffer.seek(0)\r\n        \r\n        # ── MERGE PDF + OVERLAY ──\r\n        overlay_pdf = PdfReader(overlay_buffer)\r\n        overlay_page = overlay_pdf.pages[0]\r\n        last_page.merge_page(overlay_page)\r\n        \r\n        # ── ADD ALL PAGES TO WRITER ──\r\n        for page_num in range(len(pdf_reader.pages)):\r\n            if page_num == last_page_idx:\r\n                pdf_writer.add_page(last_page)\r\n            else:\r\n                pdf_writer.add_page(pdf_reader.pages[page_num])\r\n        \r\n        # ── SAVE UPDATED PDF ──\r\n        with open(file_path, \'wb\') as output_file:\r\n            pdf_writer.write(output_file)\r\n        \r\n        app.logger.info(f\"Surat {file_surat} berhasil diupdate dengan stempel BC {nama_bc}\")\r\n        return True\r\n        \r\n    except Exception as e:\r\n        app.logger.error(f\"Error update_surat_dengan_ttd_bc_pdf: {str(e)}\")\r\n        raise Exception(f\"Gagal update surat: {str(e)}\")','def update_surat_dengan_ttd_bc_pdf(file_surat, nama_bc: str, tanggal_bc: str):\r\n    \"\"\"\r\n    Update surat - OVERLAY stempel BC ke placeholder TTD BC (di halaman yang sama)\r\n    \r\n    Args:\r\n        file_surat: nama file surat yang sudah ada\r\n        nama_bc: nama Bea Cukai yang approve\r\n        tanggal_bc: tanggal approval\r\n    \"\"\"\r\n    from PyPDF2 import PdfReader, PdfWriter\r\n    from reportlab.pdfgen import canvas\r\n    from reportlab.lib.pagesizes import A4\r\n    from reportlab.lib.units import cm\r\n    from io import BytesIO\r\n    import os\r\n    \r\n    try:\r\n        # ── PATH FILE SURAT ──\r\n        file_path = os.path.join(SURAT_FOLDER, file_surat)\r\n        \r\n        if not os.path.exists(file_path):\r\n            raise FileNotFoundError(f\"File surat tidak ditemukan: {file_path}\")\r\n        \r\n        stempel_path = os.path.join(BASE_DIR, \'static\', \'images\', \'stempel_bc.jpg\')\r\n        \r\n        # ── READ EXISTING PDF ──\r\n        pdf_reader = PdfReader(file_path)\r\n        pdf_writer = PdfWriter()\r\n        \r\n        # ── OVERLAY KE HALAMAN TERAKHIR (TTD PAGE) ──\r\n        last_page_idx = len(pdf_reader.pages) - 1\r\n        last_page = pdf_reader.pages[last_page_idx]\r\n        \r\n        # Create overlay canvas dengan stempel BC\r\n        overlay_buffer = BytesIO()\r\n        overlay_canvas = canvas.Canvas(overlay_buffer, pagesize=A4)\r\n        \r\n        # ── DRAW STEMPEL BC ──\r\n        # Posisi: kolom kiri TTD BC (X=75, Y=300 untuk stempel image)\r\n        if os.path.exists(stempel_path):\r\n            try:\r\n                # Draw image stempel (4cm x 4cm)\r\n                overlay_canvas.drawImage(stempel_path, 75, 290, width=3*cm, height=3*cm)\r\n            except Exception as e:\r\n                app.logger.warning(f\"Stempel image error: {str(e)}\")\r\n        \r\n        # ── DRAW TEXT NAMA BC + TANGGAL ──\r\n        overlay_canvas.setFont(\"Helvetica-Bold\", 9)\r\n        overlay_canvas.drawString(75, 275, f\"✓ {nama_bc}\")\r\n        \r\n        overlay_canvas.setFont(\"Helvetica\", 8)\r\n        overlay_canvas.drawString(75, 265, f\"Tanggal: {tanggal_bc}\")\r\n        \r\n        overlay_canvas.save()\r\n        overlay_buffer.seek(0)\r\n        \r\n        # ── MERGE PDF + OVERLAY ──\r\n        overlay_pdf = PdfReader(overlay_buffer)\r\n        overlay_page = overlay_pdf.pages[0]\r\n        last_page.merge_page(overlay_page)\r\n        \r\n        # ── ADD ALL PAGES TO WRITER ──\r\n        for page_num in range(len(pdf_reader.pages)):\r\n            if page_num == last_page_idx:\r\n                pdf_writer.add_page(last_page)\r\n            else:\r\n                pdf_writer.add_page(pdf_reader.pages[page_num])\r\n        \r\n        # ── SAVE UPDATED PDF ──\r\n        with open(file_path, \'wb\') as output_file:\r\n            pdf_writer.write(output_file)\r\n        \r\n        app.logger.info(f\"Surat {file_surat} berhasil diupdate dengan stempel BC {nama_bc}\")\r\n        return True\r\n        \r\n    except Exception as e:\r\n        app.logger.error(f\"Error update_surat_dengan_ttd_bc_pdf: {str(e)}\")\r\n        raise Exception(f\"Gagal update surat: {str(e)}\")','nsjwu92-20260531214906-1.jpg'),(46,6,'jsj927','Disetujui','Disetujui oleh Bea Cukai User pada 2026-05-31 21:53:13','kjshslw','nd9262','surat_permohonan_jsj927_20260531215258.pdf',NULL,'2025-10-18','lainnya','','2026-05-31 14:52:59','','','mhs','anhgs','jsj927-20260531215258-1.jpg'),(47,6,'w02826','Menunggu',NULL,'nswpbs','m92763','surat_permohonan_w02826_20260531215639.pdf',NULL,'2025-09-08','lainnya','','2026-05-31 14:56:41','','','lainnya','kepo','w02826-20260531215639-1.jpg'),(48,6,'nsk0872','Disetujui','Disetujui oleh Bea Cukai User pada 2026-05-31 22:01:50','nhsj','k9262','surat_permohonan_nsk0872_20260531215909.pdf',NULL,'2025-10-10','lainnya','','2026-05-31 14:59:11','','','mshs','shgsbs','nsk0872-20260531215909-1.jpg'),(49,6,'028363','Disetujui','Disetujui oleh Bea Cukai User pada 2026-05-31 22:04:53','kshsls','jjuv7267]','surat_permohonan_028363_20260531220424.pdf',NULL,'2025-10-09','lainnya','','2026-05-31 15:04:25','','','kshvsns','mjsgsms','028363-20260531220424-1.jpg'),(50,6,'lig864','Disetujui','Disetujui oleh Bea Cukai User pada 2026-05-31 22:07:22','nhgf','jgfvhgts854','surat_permohonan_lig864_20260531220701.pdf',NULL,'2024-09-09','lainnya','','2026-05-31 15:07:03','','','jgdgvjluyfdrydc','ktsryfkj,ljliy','lig864-20260531220701-1.jpg'),(51,6,'absc02833','Disetujui','Disetujui oleh Bea Cukai User pada 2026-05-31 22:09:55','pt saya siap lawan','j28364','surat_permohonan_absc02833_20260531220924.pdf',NULL,'2025-09-09','lainnya','','2026-05-31 15:09:26','','','ditindas saya diam, dicaci maki saya diam, tapi untuk kali ini saya siap lawan','yahahaha','absc02833-20260531220924-1.jpg'),(52,9,'kml23','Disetujui','Disetujui oleh ratu sawitri pada 2026-06-03 21:39:15','PT. Seminar muda','w398','surat_permohonan_kml23_20260603213827.pdf',NULL,'2026-06-03','Damage','','2026-06-03 14:38:28','j0-2026-09','BK-2026-109','damage parah bos','damage','kml23-20260603213826-1.jpg'),(53,9,'js927','Disetujui','Disetujui oleh ratu sawitri pada 2026-06-03 21:47:34','pt percuma saja','u92736','surat_permohonan_js927_20260603214651.pdf',NULL,'2023-09-12','Salah_terminal','','2026-06-03 14:46:52','','','salah terminal','salah terminal','js927-20260603214651-1.jpg'),(54,9,'skdsld','Menunggu',NULL,'mdksd','wk233','surat_permohonan_skdsld_20260606190241.pdf',NULL,'2026-06-06','Salah_terminal','','2026-06-06 12:02:44','','','dmdsk','kxmcxc','skdsld-20260606190241-1.jpg');
/*!40000 ALTER TABLE `permohonan` ENABLE KEYS */;
UNLOCK TABLES;

--
-- Table structure for table `persetujuan`
--

DROP TABLE IF EXISTS `persetujuan`;
/*!40101 SET @saved_cs_client     = @@character_set_client */;
/*!50503 SET character_set_client = utf8mb4 */;
CREATE TABLE `persetujuan` (
  `id` int NOT NULL AUTO_INCREMENT,
  `id_permohonan` int DEFAULT NULL,
  `status_persetujuan` enum('Disetujui','Ditolak') NOT NULL,
  `waktu_persetujuan` datetime DEFAULT CURRENT_TIMESTAMP,
  `komentar` text,
  PRIMARY KEY (`id`),
  KEY `id_permohonan` (`id_permohonan`),
  CONSTRAINT `persetujuan_ibfk_1` FOREIGN KEY (`id_permohonan`) REFERENCES `permohonan` (`id`)
) ENGINE=InnoDB AUTO_INCREMENT=30 DEFAULT CHARSET=utf8mb4 COLLATE=utf8mb4_0900_ai_ci;
/*!40101 SET character_set_client = @saved_cs_client */;

--
-- Dumping data for table `persetujuan`
--

LOCK TABLES `persetujuan` WRITE;
/*!40000 ALTER TABLE `persetujuan` DISABLE KEYS */;
INSERT INTO `persetujuan` VALUES (1,1,'Disetujui','2026-04-18 22:35:24','Permohonan telah memenuhi syarat dan disetujui oleh Bea Cukai'),(2,2,'Ditolak','2026-04-18 22:35:24','Kontainer tidak memenuhi persyaratan dan ditolak.'),(3,24,'Disetujui','2026-05-26 10:52:15','Surat persetujuan: surat_persetujuan_abcd234_20260526105215.docx'),(4,25,'Disetujui','2026-05-26 12:54:08','Surat persetujuan: surat_persetujuan_abc768_20260526125408.pdf'),(5,26,'Disetujui','2026-05-26 16:06:27','Surat persetujuan: surat_persetujuan_mk2345_20260526160627.pdf'),(6,27,'Disetujui','2026-05-26 16:22:10','Surat disetujui oleh Bea Cukai User'),(7,28,'Disetujui','2026-05-26 16:24:54','Surat disetujui oleh Bea Cukai User'),(8,29,'Disetujui','2026-05-28 13:15:19','Surat disetujui oleh Bea Cukai User'),(9,30,'Disetujui','2026-05-28 13:24:01','Surat disetujui oleh Bea Cukai User'),(10,31,'Disetujui','2026-05-28 19:06:34','Surat disetujui oleh Bea Cukai User'),(11,32,'Disetujui','2026-05-29 02:43:11','Surat disetujui oleh Bea Cukai User'),(12,33,'Disetujui','2026-05-29 02:51:15','Surat disetujui oleh Bea Cukai User'),(13,34,'Disetujui','2026-05-29 02:54:57','Surat disetujui oleh Bea Cukai User'),(14,35,'Disetujui','2026-05-29 03:01:38','Surat disetujui oleh Bea Cukai User'),(15,36,'Disetujui','2026-05-29 03:13:43','Surat disetujui oleh Bea Cukai User'),(16,37,'Disetujui','2026-05-29 03:22:34','Surat disetujui oleh Bea Cukai User'),(17,38,'Disetujui','2026-05-29 03:26:08','Surat disetujui oleh Bea Cukai User'),(18,40,'Disetujui','2026-05-29 03:38:36','Surat disetujui oleh Bea Cukai User'),(19,41,'Disetujui','2026-05-31 20:51:58','Surat disetujui oleh Bea Cukai User'),(20,43,'Disetujui','2026-05-31 21:42:59','Surat disetujui oleh Bea Cukai User'),(21,44,'Disetujui','2026-05-31 21:46:09','Surat disetujui oleh Bea Cukai User'),(22,45,'Disetujui','2026-05-31 21:49:45','Surat disetujui oleh Bea Cukai User'),(23,46,'Disetujui','2026-05-31 21:53:13','Surat disetujui oleh Bea Cukai User'),(24,48,'Disetujui','2026-05-31 22:01:50','Surat disetujui oleh Bea Cukai User'),(25,49,'Disetujui','2026-05-31 22:04:53','Surat disetujui oleh Bea Cukai User'),(26,50,'Disetujui','2026-05-31 22:07:22','Surat disetujui oleh Bea Cukai User'),(27,51,'Disetujui','2026-05-31 22:09:55','Surat disetujui oleh Bea Cukai User'),(28,52,'Disetujui','2026-06-03 21:39:15','Surat disetujui oleh ratu sawitri'),(29,53,'Disetujui','2026-06-03 21:47:34','Surat disetujui oleh ratu sawitri');
/*!40000 ALTER TABLE `persetujuan` ENABLE KEYS */;
UNLOCK TABLES;

--
-- Dumping routines for database 'vida'
--
/*!40103 SET TIME_ZONE=@OLD_TIME_ZONE */;

/*!40101 SET SQL_MODE=@OLD_SQL_MODE */;
/*!40014 SET FOREIGN_KEY_CHECKS=@OLD_FOREIGN_KEY_CHECKS */;
/*!40014 SET UNIQUE_CHECKS=@OLD_UNIQUE_CHECKS */;
/*!40101 SET CHARACTER_SET_CLIENT=@OLD_CHARACTER_SET_CLIENT */;
/*!40101 SET CHARACTER_SET_RESULTS=@OLD_CHARACTER_SET_RESULTS */;
/*!40101 SET COLLATION_CONNECTION=@OLD_COLLATION_CONNECTION */;
/*!40111 SET SQL_NOTES=@OLD_SQL_NOTES */;

-- Dump completed on 2026-06-09  5:54:07
